"Status","Name","DisplayName"
"Stopped","ALG","Application Layer Gateway Service"
"Stopped","AppIDSvc","Application Identity"
"Running","Appinfo","Application Information"
"Stopped","AppMgmt","Application Management"
"Running","AppReadiness","App Readiness"
"Stopped","AppVClient","Microsoft App-V Client"
"Running","AppXSvc","AppX Deployment Service (AppXSVC)"
"Running","AudioEndpointBuilder","Windows Audio Endpoint Builder"
"Running","Audiosrv","Windows Audio"
"Stopped","AxInstSV","ActiveX Installer (AxInstSV)"
"Running","BalloonService","BalloonService"
"Running","BFE","Base Filtering Engine"
"Running","BITS","Background Intelligent Transfer Service"
"Running","BrokerInfrastructure","Background Tasks Infrastructure Service"
"Stopped","BTAGService","BTAGService"
"Stopped","BthAvctpSvc","BthAvctpSvc"
"Stopped","bthserv","Bluetooth サポート サービス"
"Running","camsvc","機能アクセス マネージャー サービス"
"Running","CDPSvc","Connected Devices Platform Service"
"Running","CertPropSvc","Certificate Propagation"
"Running","ClipSVC","Client License Service (ClipSVC)"
"Stopped","COMSysApp","COM+ System Application"
"Running","CoreMessagingRegistrar","CoreMessaging"
"Running","CryptSvc","Cryptographic Services"
"Stopped","CscService","Offline Files"
"Running","DcomLaunch","DCOM Server Process Launcher"
"Stopped","dcsvc","宣言済み構成 (DC) サービス"
"Stopped","defragsvc","Optimize drives"
"Stopped","DeviceAssociationService","Device Association Service"
"Running","DeviceInstall","Device Install Service"
"Stopped","DevQueryBroker","DevQuery Background Discovery Broker"
"Running","Dhcp","DHCP Client"
"Running","DiagTrack","Connected User Experiences and Telemetry"
"Running","DispBrokerDesktopSvc","ポリシー サービスの表示"
"Stopped","DisplayEnhancementService","DisplayEnhancementService"
"Stopped","DmEnrollmentSvc","デバイス管理登録サービス"
"Stopped","dmwappushservice","デバイス管理ワイヤレス アプリケーション プロトコル (WAP) プッシュ メッセージ ルーティング サービス"
"Running","Dnscache","DNS Client"
"Running","DoSvc","Delivery Optimization"
"Stopped","dot3svc","Wired AutoConfig"
"Stopped","DPS","Diagnostic Policy Service"
"Stopped","DsmSvc","Device Setup Manager"
"Stopped","DsSvc","Data Sharing Service"
"Stopped","EapHost","Extensible Authentication Protocol"
"Stopped","edgeupdate","Microsoft Edge Update Service (edgeupdate)"
"Stopped","edgeupdatem","Microsoft Edge Update Service (edgeupdatem)"
"Stopped","EFS","Encrypting File System (EFS)"
"Stopped","embeddedmode","埋め込みモード"
"Stopped","EntAppSvc","Enterprise App Management Service"
"Running","EventLog","Windows Event Log"
"Running","EventSystem","COM+ Event System"
"Stopped","fdPHost","Function Discovery Provider Host"
"Stopped","FDResPub","Function Discovery Resource Publication"
"Running","FontCache","Windows Font Cache Service"
"Stopped","FrameServer","Windows カメラ フレーム サーバー"
"Stopped","FrameServerMonitor","Windows カメラ フレーム サーバー モニター"
"Stopped","GameInputSvc","GameInput Service"
"Running","gpsvc","Group Policy Client"
"Stopped","GraphicsPerfSvc","GraphicsPerfSvc"
"Stopped","hidserv","Human Interface Device Service"
"Stopped","HvHost","HV ホスト サービス"
"Stopped","IKEEXT","IKE and AuthIP IPsec Keying Modules"
"Stopped","InstallService","Microsoft Store インストール サービス"
"Stopped","InventorySvc","インベントリと互換性の評価サービス"
"Running","iphlpsvc","IP Helper"
"Running","KeyIso","CNG Key Isolation"
"Stopped","KPSSVC","KDC Proxy Server service (KPS)"
"Stopped","KtmRm","KtmRm for Distributed Transaction Coordinator"
"Running","LanmanServer","Server"
"Running","LanmanWorkstation","Workstation"
"Stopped","lfsvc","Geolocation Service"
"Stopped","LicenseManager","Windows ライセンス マネージャー サービス"
"Stopped","lltdsvc","Link-Layer Topology Discovery Mapper"
"Running","lmhosts","TCP/IP NetBIOS Helper"
"Stopped","LocalKdc","Kerberos ローカル キー配布センター"
"Running","LSM","Local Session Manager"
"Stopped","LxpSvc","LxpSvc"
"Stopped","MapsBroker","Downloaded Maps Manager"
"Stopped","McpManagementService","McpManagementService"
"Stopped","MicrosoftEdgeElevationService","Microsoft Edge Elevation Service (MicrosoftEdgeElevationService)"
"Running","mpssvc","Windows Defender Firewall"
"Stopped","MSDTC","Distributed Transaction Coordinator"
"Stopped","MSiSCSI","Microsoft iSCSI Initiator Service"
"Stopped","msiserver","Windows Installer"
"Stopped","NaturalAuthentication","NaturalAuthentication"
"Stopped","NcaSvc","Network Connectivity Assistant"
"Running","NcbService","Network Connection Broker"
"Stopped","Netlogon","Netlogon"
"Stopped","Netman","Network Connections"
"Running","netprofm","Network List Service"
"Running","NetSetupSvc","Network Setup Service"
"Stopped","NetTcpPortSharing","Net.Tcp Port Sharing Service"
"Stopped","NgcCtnrSvc","NgcCtnrSvc"
"Stopped","NgcSvc","NgcSvc"
"Stopped","NlaSvc","ネットワークの場所の認識"
"Running","nsi","Network Store Interface Service"
"Stopped","PcaSvc","Program Compatibility Assistant Service"
"Stopped","PerfHost","Performance Counter DLL Host"
"Stopped","pla","Performance Logs & Alerts"
"Running","PlugPlay","Plug and Play"
"Stopped","PolicyAgent","IPsec Policy Agent"
"Running","Power","Power"
"Running","PrintDeviceConfigurationService","印刷デバイス構成サービス"
"Stopped","PrintNotify","Printer Extensions and Notifications"
"Stopped","PrintScanBrokerService","PrintScanBrokerService"
"Running","ProfSvc","User Profile Service"
"Stopped","PushToInstall","Windows PushToInstall サービス"
"Stopped","QEMU Guest Agent VSS Provider","QEMU Guest Agent VSS Provider"
"Running","QEMU-GA","QEMU Guest Agent"
"Stopped","QWAVE","Quality Windows Audio Video Experience"
"Stopped","RasAuto","Remote Access Auto Connection Manager"
"Stopped","RasMan","Remote Access Connection Manager"
"Stopped","refsdedupsvc","ReFS 重複除去サービス"
"Stopped","RemoteAccess","Routing and Remote Access"
"Running","RemoteRegistry","Remote Registry"
"Running","RmSvc","無線管理サービス"
"Running","RpcEptMapper","RPC Endpoint Mapper"
"Stopped","RpcLocator","Remote Procedure Call (RPC) Locator"
"Running","RpcSs","Remote Procedure Call (RPC)"
"Stopped","RSoPProv","Resultant Set of Policy Provider"
"Stopped","sacsvr","Special Administration Console Helper"
"Running","SamSs","Security Accounts Manager"
"Stopped","SCardSvr","Smart Card"
"Running","ScDeviceEnum","Smart Card Device Enumeration Service"
"Running","Schedule","Task Scheduler"
"Stopped","SCPolicySvc","Smart Card Removal Policy"
"Stopped","seclogon","Secondary Logon"
"Running","SecurityHealthService","Windows セキュリティ サービス"
"Stopped","SEMgrSvc","支払いおよび NFC/SE マネージャー"
"Running","SENS","System Event Notification Service"
"Stopped","Sense","Windows Defender Advanced Threat Protection Service"
"Stopped","SensorDataService","Sensor Data Service"
"Stopped","SensorService","Sensor Service"
"Stopped","SensrSvc","Sensor Monitoring Service"
"Running","SessionEnv","Remote Desktop Configuration"
"Stopped","SgrmBroker","System Guard ランタイム モニター ブローカー"
"Stopped","SharedAccess","Internet Connection Sharing (ICS)"
"Running","ShellHWDetection","Shell Hardware Detection"
"Stopped","shpamsvc","Shared PC Account Manager"
"Stopped","smphost","Microsoft Storage Spaces SMP"
"Stopped","SNMPTrap","SNMP トラップ"
"Running","Spooler","Print Spooler"
"Stopped","sppsvc","Software Protection"
"Stopped","SSDPSRV","SSDP Discovery"
"Stopped","ssh-agent","OpenSSH Authentication Agent"
"Stopped","sshd","OpenSSH SSH Server"
"Stopped","SstpSvc","Secure Socket Tunneling Protocol Service"
"Running","StateRepository","State Repository Service"
"Stopped","StiSvc","Windows Image Acquisition (WIA)"
"Running","StorSvc","Storage Service"
"Stopped","svsvc","Spot Verifier"
"Stopped","swprv","Microsoft Software Shadow Copy Provider"
"Running","SysMain","SysMain"
"Running","SystemEventsBroker","System Events Broker"
"Stopped","tapisrv","Telephony"
"Running","TermService","Remote Desktop Services"
"Running","TextInputManagementService","Text Input Management Service"
"Running","Themes","Themes"
"Stopped","TieringEngineService","Storage Tiers Management"
"Running","TimeBrokerSvc","Time Broker"
"Running","TokenBroker","Web アカウント マネージャー"
"Running","TrkWks","Distributed Link Tracking Client"
"Stopped","TrustedInstaller","Windows Modules Installer"
"Stopped","tzautoupdate","タイム ゾーンの自動更新機能"
"Stopped","UALSVC","User Access Logging Service"
"Stopped","UevAgentService","ユーザー エクスペリエンス仮想化サービス"
"Running","UmRdpService","Remote Desktop Services UserMode Port Redirector"
"Stopped","upnphost","UPnP Device Host"
"Running","UserManager","User Manager"
"Stopped","UsoSvc","Orchestrator Service の更新"
"Stopped","VaultSvc","Credential Manager"
"Stopped","vds","Virtual Disk"
"Stopped","VirtioFsSvc","VirtIO-FS Service"
"Stopped","vmicguestinterface","Hyper-V Guest Service Interface"
"Stopped","vmicheartbeat","Hyper-V Heartbeat Service"
"Stopped","vmickvpexchange","Hyper-V Data Exchange Service"
"Stopped","vmicrdv","Hyper-V リモート デスクトップ仮想化サービス"
"Stopped","vmicshutdown","Hyper-V Guest Shutdown Service"
"Stopped","vmictimesync","Hyper-V Time Synchronization Service"
"Stopped","vmicvmsession","Hyper-V PowerShell Direct Service"
"Stopped","vmicvss","Hyper-V ボリューム シャドウ コピー リクエスター"
"Stopped","VSS","Volume Shadow Copy"
"Running","W32Time","Windows Time"
"Stopped","WaaSMedicSvc","WaaSMedicSvc"
"Stopped","WalletService","WalletService"
"Stopped","WarpJITSvc","Warp JIT Service"
"Stopped","WbioSrvc","Windows Biometric Service"
"Running","Wcmsvc","Windows Connection Manager"
"Stopped","wcncsvc","Windows Connect Now - Config Registrar"
"Stopped","WdiServiceHost","Diagnostic Service Host"
"Stopped","WdiSystemHost","Diagnostic System Host"
"Running","WdNisSvc","Microsoft Defender Antivirus Network Inspection Service"
"Stopped","Wecsvc","Windows Event Collector"
"Stopped","WEPHOSTSVC","Windows Encryption Provider Host Service"
"Stopped","wercplsupport","Problem Reports Control Panel Support"
"Stopped","WerSvc","Windows Error Reporting Service"
"Stopped","WFDSConMgrSvc","Wi-Fi Direct サービスの接続マネージャー サービス"
"Stopped","WiaRpc","Still Image Acquisition Events"
"Running","WinDefend","Microsoft Defender Antivirus Service"
"Running","WinHttpAutoProxySvc","WinHTTP Web Proxy Auto-Discovery Service"
"Running","Winmgmt","Windows Management Instrumentation"
"Running","WinRM","Windows Remote Management (WS-Management)"
"Stopped","wisvc","Windows Insider サービス"
"Stopped","WlanSvc","WLAN AutoConfig"
"Running","wlidsvc","Microsoft Account Sign-in Assistant"
"Running","WLMS","Windows Licensing Monitoring Service"
"Stopped","WManSvc","WManSvc"
"Running","wmiApSrv","WMI Performance Adapter"
"Stopped","WMPNetworkSvc","Windows Media Player Network Sharing Service"
"Stopped","workfolderssvc","Work Folders"
"Running","WPDBusEnum","Portable Device Enumerator Service"
"Running","WpnService","Windows プッシュ通知システム サービス"
"Stopped","WSAIFabricSvc","WSAIFabricSvc"
"Stopped","WSearch","Windows Search"
"Running","wuauserv","Windows Update"
"Stopped","XblAuthManager","XblAuthManager"
